{
  "gizmos-infos": {
    "is2D": false,
    "is3DIcon": false,
    "iconSize": 2,
    "gridVisible": true,
    "gridColor": [
      150,
      150,
      150,
      255
    ],
    "isIconGizmo3D": false,
    "iconGizmoSize": 2,
    "isGridVisible": true
  },
  "float-window": {
    "position": {
      "cc": {
        "Camera": {
          "dock": false,
          "top": null,
          "bottom": 10,
          "left": null,
          "right": 10
        }
      }
    }
  },
  "camera-infos": {
    "f46876e4-e81b-4931-b493-6d367be385e7": {
      "position": {
        "x": 50,
        "y": 50,
        "z": 50
      },
      "rotation": {
        "x": -0.27984814233312133,
        "y": 0.3647051996310009,
        "z": 0.11591689595929514,
        "w": 0.8804762392171493
      },
      "viewCenter": {
        "x": 0,
        "y": 0,
        "z": 0
      }
    },
    "fe9e2ce2-c9f4-4ede-8f4b-2438c8e369c6": {
      "position": {
        "x": 0,
        "y": 0,
        "z": 4.83153
      },
      "rotation": {
        "x": 0,
        "y": 0,
        "z": 0,
        "w": 1
      },
      "viewCenter": {
        "x": 0,
        "y": 0,
        "z": 0
      }
    },
    "cb7151b9-3964-40c9-9ffe-cfce7702b4d4": {
      "position": {
        "x": 1.0598848718590261,
        "y": 2.7326604088017348,
        "z": -7.089167052595485
      },
      "rotation": {
        "x": -0.017710835588788616,
        "y": 0.9816535755186969,
        "z": 0.1508765464136934,
        "w": 0.11523355783811026
      },
      "viewCenter": {
        "x": -0.693256031168527,
        "y": 0.34932406964869367,
        "z": 0.2752765108067585
      }
    }
  },
  "camera-uuids": [
    "fe9e2ce2-c9f4-4ede-8f4b-2438c8e369c6"
  ],
  "camera": {
    "fov": 45,
    "far": 10000,
    "near": 0.01,
    "color": [
      48,
      48,
      48,
      255
    ],
    "wheelSpeed": 0.01,
    "wanderSpeed": 10,
    "enableAcceleration": true,
    "far2D": 10000,
    "near2D": 1,
    "wheelSpeed2D": 6
  }
}
